First Name
aaron,erin,ronnie,erin
abbie,abby,abigail,abby
abe,abraham,abram,abraham
abednego,bedney,bedney
abel,ebbie,ab,ebbie,eb
abiel,ab,ab
abigail,nabby,abby,nabby
abijah,ab,bige,ab
abner,ab,ab
abraham,ab,abe,ab
abram,ab,ab
absalom,app,ab,app
ada,addy,addy
adaline,delia,lena,delia,addy,ada
adam,edie,ade,edie
addy,adele,adele
adela,della,della
adelaide,heidi,adele,heidi,addy,della
adelbert,del,albert,del,bert
adele,dell,dell
adeline,delia,lena,delia,addy,ada
adelphia,philly,delphia,philly,dell,addy
adolphus,dolph,ado,dolph
adrian,rian,rian
adrienne,adrian,adrian
agatha,aggy,aggy
agnes,inez,aggy,inez
aileen,lena,allie,lena
al,albert,bert,albert
alan,al,al
alanson,al,lanson,al
alastair,al,al
alazama,ali,ali
albert,bert,al,bert
alberta,bert,allie,bert
aldo,al,al
aldrich,riche,rich,riche
aleva,levy,leve,levy
alex,alexandra,alexander,alexandra
alexander,alex,al,alex
alexandra,alex,sandy,alex,sandra
alexandria,drina,alexander,drina,sandra
alexis,lexi,lexi
alfonse,al,al
alfred,freddy,al,freddy
alfreda,freddy,alfy,freddy,frieda
algernon,algy,algy
alice,lisa,elsie,lisa
alicia,lisa,elsie,lisa
aline,adeline,adeline
alison,ali,ali
allan,al,al
allen,al,al
allisandra,allie,allie
almena,mena,allie,mena
almina,minnie,minnie
almira,myra,myra
alonzo,lon,al,lon
alphinias,alphus,alphus
alverta,virdie,vert,virdie
alyssa,lissia,al,lissia
alzada,zada,zada
amanda,mandy,manda,mandy
ambrose,brose,brose
amelia,amy,mel,amy,emily
amos,moses,moses
anastasia,ana,stacy,ana
anderson,andy,andy
andrea,drea,rea,drea
andrew,andy,drew,andy
andy,andrew,drew,andrew
angela,angelica,angelina,angelica,angeline,jane,angie
angelina,lina,lina
ann,nana,nan,nana,annie,nanny
anna,anne,ann,anne
anne,annie,nana,annie,nan,nanny,nancy
annette,anna,nettie,anna
annie,ann,anna,ann
anselm,ansel,selma,ansel,ance
anthony,tony,tony
antoinette,tony,netta,tony
antonia,tony,netta,tony
appoline,appy,appie,appy
aquilla,quil,quillie,quil
ara,belle,arry,belle
arabella,ara,bella,ara,belle
arabelle,ara,bella,ara,belle
araminta,armida,middie,armida,minty
archibald,archie,archie
archilles,kill,killis,kill
ariadne,arie,arie
arielle,arie,arie
aristotle,telly,telly
arizona,onie,ona,onie
arlene,arly,lena,arly
armanda,mandy,mandy
armena,mena,arry,mena
armilda,milly,milly
arminda,mindie,mindie
arminta,minite,minnie,minite
arnold,arnie,arnie
art,arthur,arthur
artelepsa,epsey,epsey
artemus,art,art
arthur,art,art
arthusa,thursa,thursa
arzada,zaddi,zaddi
asahel,asa,asa
asaph,asa,asa
asenath,sene,assene,sene
aubrey,bree,bree
audrey,dee,dee
august,gus,gus
augusta,tina,aggy,tina,gussie
augustina,tina,aggy,tina,gussie
augustine,gus,austin,gus
augustus,gus,austin,gus
aurelia,ree,rilly,ree,aurilla,ora
avarilla,rilla,rilla
azariah,riah,aze,riah
bab,barby,barby
babs,barby,barbara,barby
barbara,barby,babs,barby,bobbie
barbery,barbara,barbara
barbie,barbara,barbara
barnabas,barney,barney
barney,barnabas,barnabas
bart,bartholomew,bartholomew
bartholomew,bartel,bat,bartel,bart,mees
barticus,bart,bart
bazaleel,basil,basil
bea,beatrice,beatrice
beatrice,bea,trisha,bea,trix
becca,beck,beck
beck,becky,becky
bedelia,delia,bridgit,delia
belinda,belle,linda,belle
bella,belle,arabella,belle
ben,benjamin,bennie,benjamin
benedict,bennie,ben,bennie
benjamin,benjy,jamie,benjy,ben
benjy,benjamin,benjamin
bernard,barney,bernie,barney
berney,bernie,bernie
bert,bertie,bob,bertie
bertha,bert,birdie,bert
bertram,bert,bert
bess,bessie,bessie
beth,betsy,betty,betsy
bethena,beth,thaney,beth
beverly,bev,bev
bezaleel,zeely,zeely
biddie,biddy,biddy
bill,william,billy,william,willie,fred
billy,william,robert,william
blanche,bea,bea
bob,rob,robert,rob
bobby,rob,bob,rob
boetius,bo,bo
brad,bradford,ford,bradford
bradford,ford,brad,ford
brady,brody,brody
brenda,brandy,brandy
brian,bryan,bryant,bryan
bridget,bridie,biddy,bridie,biddie
brittany,britt,britt
broderick,ricky,brody,ricky,rick
cal,calvin,calvin
caldonia,calliedona,calliedona
caleb,cal,cal
california,callie,callie
calista,kissy,kissy
calpurnia,cally,cally
calvin,vin,vinny,vin
cameron,ron,cam,ron
camille,millie,cammie,millie
campbell,cam,cam
candace,candy,dacey,candy
carlotta,lottie,lottie
carlton,carl,carl
carmellia,mellia,mellia
carmon,charm,cammie,charm
carol,lynn,carrie,lynn,cassie,caroline,carole
carolann,carol,carole,carol
caroline,lynn,carol,lynn,cassie,carole
carolyn,lynn,carrie,lynn
carrie,cassie,cassie
carthaette,etta,etty,etta
casey,k.c.,k.c.
casper,jasper,jasper
cassandra,sandy,cassie,sandy
cassie,cassandra,cassandra
caswell,cass,cass
catherine,kathy,katy,kathy,kittie,kit,trina,cathy,kay,cassie
cathleen,kathy,katy,kathy,kittie,kit,trina,cathy,kay,cassie
cathy,kathy,cathleen,kathy
cecilia,cissy,celia,cissy
cedric,ced,rick,ced
celeste,lessie,celia,lessie
celinda,linda,lynn,linda
charity,chat,chat
charles,charlie,chuck,charlie,chick
charlie,charles,chuck,charles
charlotte,char,sherry,char,lotta
chauncey,chan,chan
cher,sher,sher
cheryl,sheryl,sheryl
chesley,chet,chet
chester,chet,chet
chet,chester,chester
chick,charlotte,caroline,charlotte
chloe,clo,clo
chris,christina,christopher,christina
christa,chris,chris
christian,chris,kit,chris
christiana,kris,kristy,kris,tina,christy,chris,crissy
christina,kris,kristy,kris,christy,chris,crissy
christine,kris,kristy,kris,tina,chris,crissy
christopher,chris,kit,chris
christy,crissy,crissy
cicely,cilla,cilla
cinderella,arilla,rella,arilla,rilla
cindy,cinderella,cinderella
claire,clair,clare,clair
clara,clarissa,clarissa
clare,clara,clara
clarence,clare,clair,clare
clarinda,clara,clara
clarissa,cissy,clara,cissy
claudia,claud,claud
cleatus,cleat,cleat
clement,clem,clem
clementine,clement,clem,clement
cliff,clifford,cliff,clifford
clifford,ford,cliff,ford
clifton,tony,cliff,tony
cole,colie,colie
columbus,clum,clum
con,conny,conny
conrad,conny,con,conny
constance,connie,connie
cordelia,cordy,delia,cordy
corey,coco,cordy,coco
corinne,cora,ora,cora
cornelia,nelly,cornie,nelly,corny,nelle
cornelius,conny,niel,conny,con
cory,coco,cordy,coco
courtney,curt,court,curt
crystal,chris,tal,chris,crys
curt,curtis,curtis
curtis,curt,curt
cy,cyrus,cyrus
cynthia,cintha,cindy,cintha
cyrenius,swene,cy,swene,renius,cene
cyrus,cy,cy
daisy,margaret,margaret
dal,dahl,dahl
dalton,dahl,dahl
dan,danny,daniel,danny
daniel,dan,danny,dan
danielle,ellie,dani,ellie
danny,daniel,daniel
daphne,daph,daphie,daph
darlene,lena,darry,lena
dave,david,david
davey,david,david
david,dave,day,dave
deanne,ann,dee,ann
deb,deborah,debra,deborah
debbie,deb,debra,deb,debby
debby,deb,deb
debora,deb,debbie,deb
deborah,deb,debbie,deb
debra,deb,debbie,deb
deidre,deedee,deedee
delbert,bert,del,bert
delia,fidelia,cordelia,fidelia
delilah,lil,lila,lil,della
deliverance,delly,dilly,delly
dell,della,della
della,adela,delilah,adela
delores,lolly,lola,lolly,dee,dell
delpha,philadelphia,philadelphia
delphine,delphi,del,delphi
demaris,dea,maris,dea
demerias,dea,maris,dea
democrates,mock,mock
denise,dennis,dennis
dennis,denny,denny
dennison,denny,denny
derrick,ricky,eric,ricky
deuteronomy,duty,duty
diana,dicey,didi,dicey
diane,dicey,didi,dicey
dicey,dicie,dicie
dick,rick,richard,rick
dickson,dick,dick
domenic,dom,dom
dominic,dom,dom
don,donald,donald
donald,dony,donnie,dony,donny
donnie,donald,donny,donald
donny,donald,donald
dorcus,darkey,darkey
dorinda,dorothea,dora,dorothea
doris,dora,dora
dorothea,doda,dora,doda
dorothy,dortha,dolly,dortha,dotty
dot,dotty,dotty
dotha,dotty,dotty
douglas,doug,doug
drew,andrew,andrew
drusilla,silla,silla
duncan,dunk,dunk
earnest,ernestine,ernie,ernestine
eb,ebbie,ebbie
ebenezer,ebbie,eben,ebbie
ed,eddie,eddy,eddie
eddie,eddy,eddy
edgar,ed,eddie,ed
edith,edie,edye,edie
edmond,ed,eddie,ed
edmund,ed,eddie,ed,eddy,ned
edna,edny,edny
eduardo,ed,eddie,ed
edward,teddy,ed,teddy,ted,eddy,eddie
edwin,ed,eddie,ed,eddy,ned
edwina,edwin,edwin
edyth,edie,edye,edie
edythe,edie,edye,edie
egbert,bert,burt,bert
eighta,athy,athy
eileen,helen,helen
elaine,lainie,helen,lainie
elbert,albert,albert
elbertson,elbert,bert,elbert
eleanor,lanna,nora,lanna,ellie,elaine,ellen,lenora
eleazer,lazar,lazar
elena,helen,helen
elias,eli,lee,eli
elijah,lige,eli,lige
eliphalel,life,life
eliphalet,left,left
elisa,lisa,lisa
elisha,lish,eli,lish
eliza,elizabeth,elizabeth
elizabeth,libby,lisa,libby,lizzie,eliza,betsy,liza,betty,bessie,bess,beth,liz
ella,ellen,ellen
ellen,nellie,nell,nellie
ellender,nellie,ellen,nellie
ellie,elly,elly
ellswood,elsey,elsey
elminie,minnie,minnie
elmira,ellie,elly,ellie
elnora,nora,nora
eloise,heloise,louise,heloise
elouise,louise,louise
elsie,elsey,elsey
elswood,elsey,elsey
elvira,elvie,elvie
elwood,woody,woody
elysia,lisa,lisa
elze,elsey,elsey
emanuel,manuel,manny,manuel
emeline,em,emmy,em,milly,emily
emil,emily,emily
emily,emmy,millie,emmy,mel
emma,emmy,emmy
epaphroditius,dite,ditus,dite,dyche,dyce
ephraim,eph,eph
erasmus,raze,rasmus,raze
eric,rick,ricky,rick
ernest,ernie,ernie
ernestine,teeny,ernest,teeny,erna
erwin,irwin,irwin
eseneth,senie,senie
essy,es,es
estella,essy,stella,essy
estelle,essy,stella,essy
esther,hester,essie,hester
eudicy,dicey,dicey
eudora,dora,dora
eudoris,dossie,dosie,dossie
eugene,gene,gene
eunice,nicie,nicie
euphemia,effie,effy,effie
eurydice,dicey,dicey
eustacia,stacia,stacy,stacia
eva,eve,eve
evaline,eva,lena,eva
evangeline,ev,evan,ev
evelyn,evelina,ev,evelina
experience,exie,exie
ezekiel,zeke,ez,zeke
ezideen,ez,ez
ezra,ez,ez
faith,fay,fay
felicia,fel,felix,fel
felicity,flick,tick,flick
feltie,felty,felty
ferdinand,freddie,freddy,freddie,fred
ferdinando,nando,ferdie,nando
fidelia,delia,delia
flo,florence,florence
flora,florence,florence
florence,flossy,flora,flossy
floyd,lloyd,lloyd
fran,frannie,frannie
frances,sis,cissy,sis,franniey,fran,francie,frannie,fanny
francie,francine,francine
francine,franniey,fran,franniey,francie
francis,fran,frankie,fran
frank,franklin,franklin
frankie,frank,francis,frank
franklin,fran,frank,fran
franklind,frank,frank
fred,freddy,frederick,freddy
freda,frieda,frieda
frederica,frederick,frederick
frederick,freddie,freddy,freddie,fred
fredericka,freddy,ricka,freddy,frieda
frieda,freddie,freddy,freddie
gabby,gabriella,gabe,gabriella
gabe,gabriel,gabriel
gabriel,gabe,gabby,gabe
gabriella,ella,gabby,ella
gabrielle,ella,gabby,ella
genevieve,jean,eve,jean
geoff,geoffrey,jeffrey,geoffrey
geoffrey,geoff,jeff,geoff
george,jorge,georgiana,jorge
georgia,george,georgiana,george
gerald,gerry,jerry,gerry
geraldine,gerry,gerrie,gerry,dina
gerhardt,gay,gay
gerrie,geraldine,geraldine
gerry,gerald,geraldine,gerald
gert,gertie,gertie
gertie,gertrude,gertrude
gertrude,gertie,gert,gertie
gil,gilbert,gilbert
gilbert,bert,gil,bert
gloria,glory,glory
governor,govie,govie
greenberry,green,berry,green
gregory,greg,greg
gretchen,margaret,margaret
griselda,grissel,grissel
gum,monty,monty
gus,gussie,gussie
gustavus,gus,gus
gwen,gwendolyn,wendy,gwendolyn
gwendolyn,gwen,wendy,gwen
hamilton,ham,ham
hannah,nan,nanny,nan
harold,hal,harry,hal
harriet,hattie,hattie
harry,harold,henry,harold
haseltine,hassie,hassie
heather,hetty,hetty
helen,lena,ella,lena,ellie
helena,eileen,lena,eileen,nellie,eleanor,elaine,ellen,aileen
helene,lena,ella,lena,ellie
heloise,lois,eloise,lois
henrietta,hank,etta,hank,retta,nettie
henry,hank,hal,hank
hephsibah,hipsie,hipsie
hepsibah,hipsie,hipsie
herb,herbert,herbert
herbert,bert,herb,bert
herman,harman,dutch,harman
hermione,hermie,hermie
hester,hessy,esther,hessy
hezekiah,hy,hez,hy
hiram,hy,hy
honora,honey,nora,honey,norah
hopkins,hopp,hop,hopp
horace,horry,horry
hortense,harty,tensey,harty
hosea,hosey,hosie,hosey
howard,hal,howie,hal
hubert,bert,hugh,bert
ian,john,john
ignatius,natius,iggy,natius,nace
ignatzio,naz,iggy,naz
immanuel,manuel,emmanuel,manuel
india,indie,indy,indie
inez,agnes,agnes
iona,onnie,onnie
irene,rena,rena
irvin,irving,irving
irving,irv,irv
irwin,erwin,erwin
isaac,ike,zeke,ike
isabel,tibbie,bell,tibbie,belle,bella,nibby,ib,issy
isabella,tibbie,nib,tibbie,bella,nibby,ib,issy
isabelle,tibbie,nib,tibbie,bella,nibby,ib,issy
isadora,issy,dora,issy
isaiah,zadie,zay,zadie
isidore,izzy,izzy
iva,ivy,ivy
ivan,john,john
jackson,jack,jack
jacob,jaap,jake,jaap
jacobus,jacob,jacob
jacqueline,jackie,jack,jackie
jahoda,hody,hodie,hody
james,jimmy,jim,jimmy,jimmie,jem
jamie,james,james
jane,janie,jessie,janie,jennie
janet,jan,jessie,jan
janice,jan,jan
jannett,nettie,nettie
jasper,jap,casper,jap
jayme,jay,jay
jean,jane,jeannie,jane
jeanette,jessie,jean,jessie,nettie
jeanne,jane,jeannie,jane
jeb,jebadiah,jebadiah
jedediah,dyer,jed,dyer
jedidiah,jed,jed
jeff,geoffrey,jeffrey,geoffrey
jefferey,jeff,jeff
jefferson,sonny,jeff,sonny
jeffrey,geoff,jeff,geoff
jehiel,hiel,hiel
jehu,hugh,gee,hugh
jemima,mima,mima
jennet,jessie,jenny,jessie
jennifer,jennie,jennie
jenny,jennifer,jennifer
jeremiah,jereme,jerry,jereme
jerita,rita,rita
jerry,jereme,geraldine,jereme
jessica,jessie,jessie
jessie,jane,jess,jane
jim,jimmie,jimmie
jincy,jane,jane
jinsy,jane,jane
joan,jo,nonie,jo
joann,jo,jo
joanna,hannah,jody,hannah,joan
joanne,jo,jo
jody,jo,jo
joe,joseph,joey,joseph
joey,joseph,joseph
johanna,jo,jo
johannah,hannah,jody,hannah,nonie
johannes,jonathan,john,jonathan
john,jack,johnny,jack
jon,john,nathan,john
jonathan,john,nathan,john
joseph,jody,jos,jody,joey
josephine,fina,jody,fina,josey,joey
josetta,jettie,jettie
josey,josophine,josophine
josh,joshua,joshua
joshua,jos,josh,jos
josiah,jos,jos
joyce,joy,joy
juanita,nita,nettie,nita
judah,juder,jude,juder
judith,judie,juda,judie,judi,jude
judson,sonny,jud,sonny
judy,judith,judith
julia,julie,jill,julie
julian,jule,jule
julias,jule,jule
julie,julia,jule,julia
june,junius,junius
junior,junie,june,junie
justin,justus,justina,justus
karonhappuck,karon,karen,karon,happy
kasey,k.c.,k.c.
katarina,catherine,tina,catherine
kate,kay,kay
katelin,kay,kate,kay
katelyn,kay,kate,kay
katherine,kathy,katy,kathy,kittie,kaye,kit,trina,cathy,kay,kate,cassie
kathleen,kathy,katy,kathy,kittie,kit,trina,cathy,kay,cassie
kathryn,kathy,kathy
katy,kathy,kathy
kayla,kay,kay
ken,kenneth,kenneth
kendall,ken,kenny,ken
kendra,kenj,kenji,kenj,kenny
kendrick,ken,kenny,ken
kenneth,ken,kenny,ken
kenny,ken,kenneth,ken
kent,ken,kenny,ken
keziah,kizza,kizzie,kizza
kim,kimberly,kimberley,kimberly
kimberley,kim,kim
kimberly,kim,kim
kingsley,king,king
kingston,king,king
kit,kittie,kittie
kris,chris,chris
kristel,kris,kris
kristen,chris,chris
kristin,chris,chris
kristine,kris,kristy,kris,christy,chris,crissy
kristopher,chris,kris,chris
kristy,chris,chris
lafayette,laffie,fate,laffie
lamont,monty,monty
laodicia,dicy,cenia,dicy
larry,laurence,lawrence,laurence
lauren,ren,laurie,ren
laurence,lorry,larry,lorry,lonny,lorne
laurinda,laura,lawrence,laura
lauryn,laurie,laurie
laveda,veda,veda
laverne,vernon,verna,vernon
lavina,vina,viney,vina
lavinia,vina,viney,vina
lavonia,vina,vonnie,vina,viney
lavonne,von,von
lawrence,lorry,larry,lorry,lonny,lorne
leanne,lea,annie,lea
lecurgus,curg,curg
lemuel,lem,lem
lena,ellen,ellen
lenora,nora,lee,nora
leo,leon,leon
leonard,lineau,leo,lineau,len,lenny
leonidas,lee,leon,lee
leonora,nora,nell,nora
leonore,nora,honor,nora
leroy,roy,lee,roy
les,lester,lester
leslie,les,les
lester,les,les
letitia,tish,titia,tish,lettie
levi,lee,lee
levicy,vicy,vicy
levone,von,von
lib,libby,libby
lidia,lyddy,lyddy
lil,lilly,lily,lilly
lillah,lil,lilly,lil,lolly
lillian,lil,lilly,lil
lilly,lily,lily
lincoln,link,link
linda,lindy,lynn,lindy
lindy,lynn,lynn
lionel,leon,leon
lisa,lizzie,alice,lizzie,melissa
littleberry,little,berry,little
liz,elizabeth,elizabeth
lizzie,elizabeth,liz,elizabeth
lois,lou,louise,lou
lon,lonzo,lonzo
lorenzo,loren,loren
loretta,etta,lorrie,etta
lorraine,lorrie,lorrie
lotta,lottie,lottie
lou,louis,lu,louis
louis,lewis,louise,lewis,lou
louisa,eliza,lou,eliza
louise,eliza,lou,eliza
louvinia,vina,vonnie,vina,viney
lucas,luke,luke
lucia,lucy,lucius,lucy
lucias,luke,luke
lucille,cille,lu,cille,lou
lucina,sinah,sinah
lucinda,lu,lucy,lu,lou
lucretia,creasey,creasey
lucy,lucinda,lucinda
luella,lula,ella,lula
luke,lucas,lucas
lunetta,nettie,nettie
lurana,lura,lura
luther,luke,luke
lydia,lyddy,lyddy
lyndon,lindy,lynn,lindy
mabel,mehitabel,amabel,mehitabel
mac,mc,mc
mack,mac,mc,mac
mackenzie,kenzy,mac,kenzy
maddy,madelyn,madeline,madelyn
madeline,maggie,lena,maggie,maddy,madge
madie,madeline,madelyn,madeline
madison,mattie,maddy,mattie
magdalena,maggie,lena,maggie
magdelina,lena,magda,lena
mahala,hallie,hallie
malachi,mally,mally
malcolm,mac,mal,mac
malinda,lindy,lindy
manda,mandy,mandy
mandy,amanda,amanda
manerva,minerva,nervie,minerva,nerva
manny,manuel,manuel
manoah,noah,noah
manola,nonnie,nonnie
manuel,emanuel,manny,emanuel
marcus,mark,mark
margaret,maggie,meg,maggie,midge,margy,margie,madge,peggy,maggy,marge,daisy,margery,gretta,rita
margaretta,maggie,meg,maggie,midge,margie,madge,peggy,marge,daisy,margery,gretta,rita
margarita,maggie,meg,maggie,midge,greta,megan,maisie,madge,marge,daisy,peggie,rita,margo
marge,margery,margaret,margery
margie,marjorie,margie,marjorie
marguerite,peggy,peggy
margy,marjorie,marjorie
mariah,mary,maria,mary
marian,marianna,marion,marianna
marie,mae,mae
marietta,mariah,mercy,mariah,may,molly,mitzi,minnie,mollie,mae,maureen,marion,marie,mamie,mary
marilyn,mary,mary
marion,mary,mary
marissa,rissa,rissa
marjorie,margy,margie,margy
marsha,marcie,mary,marcie
martha,marty,mattie,marty,patsy,patty
martin,marty,marty
martina,tina,tina
martine,tine,tine
marv,marvin,marvin
marvin,marv,marv
mary,mamie,molly,mamie,polly,mitzi
mat,mattie,mattie
mathilda,tillie,patty,tillie
matilda,tilly,maud,tilly
matt,mathew,matthew,mathew
matthew,thys,matt,thys,mattie,matty
matthias,thys,matt,thys
maud,middy,middy
maureen,mary,mary
maurice,morey,morey
mavery,mave,mave
mavine,mave,mave
maxine,max,max
may,mae,mae
mckenna,ken,kenna,ken
medora,dora,dora
megan,meg,meg
mehitabel,hetty,mitty,hetty,hitty
melanie,mellie,mellie
melchizedek,zadock,dick,zadock
melinda,linda,mel,linda,mindy,lindy
melissa,lisa,mel,lisa,milly,lissa
mellony,mellia,mellia
melody,lodi,lodi
melvin,mel,mel
melvina,vina,vina
mercedes,merci,sadie,merci
merv,mervin,mervin
mervyn,merv,merv
micajah,cage,cage
michael,micky,mike,micky,mick
michelle,mickey,mickey
mick,micky,micky
mike,micky,mick,micky
mildred,milly,milly
millicent,missy,milly,missy
minerva,minnie,minnie
minnie,wilhelmina,wilhelmina
miranda,randy,mandy,randy
miriam,mimi,mitzi,mimi
missy,melissa,melissa
mitch,mitchell,mitchell
mitchell,mitch,mitch
mitzi,mary,mittie,mary
mitzie,mittie,mitty,mittie
monet,nettie,nettie
monica,monna,monnie,monna
monteleon,monte,monte
montesque,monty,monty
montgomery,monty,gum,monty
monty,lamont,lamont
morris,morey,morey
mortimer,mort,mort
moses,amos,mose,amos
muriel,mur,mur
myrtle,myrt,myrti,myrt
nadine,nada,deedee,nada
nancy,ann,nan,ann
naomi,omi,omi
napoleon,nap,nappy,nap
natalie,natty,nettie,natty
natasha,tasha,nat,tasha
nathan,nate,nat,nate
nathaniel,than,nathan,than,nat,natty
nelle,nelly,nelly
nelson,nels,nels
newt,newton,newton
nicholas,nick,claes,nick
nick,nik,nicholas,nik
nickie,nicholas,nicholas
nicodemus,nick,nick
nicole,nole,nikki,nole
nik,nick,nick
nora,nonie,nonie
norbert,bert,norby,bert
nowell,noel,noel
obadiah,dyer,obed,dyer,diah
obedience,obed,beda,obed,biddie
obie,obediah,obediah
octavia,tave,tavia,tave
odell,odo,odo
olive,nollie,livia,nollie
oliver,ollie,ollie
olivia,nollie,livia,nollie
ollie,oliver,oliver
onicyphorous,cyphorus,osaforus,cyphorus,one,cy,osaforum
orilla,rilly,ora,rilly
orlando,roland,roland
orphelia,phelia,phelia
ossy,ozzy,ozzy
oswald,ozzy,waldo,ozzy
otis,ode,ote,ode
ozzy,oswald,oswald
pamela,pam,pam
pandora,dora,dora
parmelia,amelia,milly,amelia
parthenia,teeny,parsuny,teeny,phenie
pat,patrick,pat,patrick
patience,pat,patty,pat
patricia,tricia,pat,tricia,patty
patrick,pate,peter,pate,patsy,paddy
patsy,patty,patty
patty,patricia,patricia
paul,polly,paula,polly
paula,polly,lina,polly
paulina,polly,lina,polly
pauline,polly,polly
peg,peggy,peggy
pelegrine,perry,perry
penelope,penny,penny
percival,percy,percy
peregrine,perry,perry
permelia,melly,milly,melly
pernetta,nettie,nettie
persephone,seph,sephy,seph
pete,peter,peter
peter,pete,pate,pete
petronella,nellie,nellie
pheney,josephine,josephine
pheriba,pherbia,ferbie,pherbia
phil,phillip,philip,phillip
philadelphia,delphia,delphia
philander,fie,fie
philetus,leet,phil,leet
philinda,linda,lynn,linda
philip,phil,phil
philipina,phoebe,penie,phoebe
phillip,phil,phil
philly,delphia,delphia
philomena,menaalmena,menaalmena
phoebe,fifi,fifi
pinckney,pink,pink
pleasant,ples,ples
pocahontas,pokey,pokey
posthuma,humey,humey
prescott,scotty,scott,scotty
priscilla,prissy,cissy,prissy
providence,provy,provy
prudence,prue,prudy,prue
prudy,prudence,prudence
rachel,shelly,shelly
rafaela,rafa,rafa
ramona,mona,mona
randolph,dolph,randy,dolph
raphael,ralph,ralph
ray,raymond,raymond
raymond,ray,ray
reba,beck,becca,beck
rebecca,beck,becca,beck,becky
reg,reggie,reggie
reggie,reginald,reginald
regina,reggie,gina,reggie
reginald,reggie,naldo,reggie,renny
relief,leafa,leafa
reuben,rube,rube
reynold,reginald,reginald
rhoda,rodie,rodie
rhodella,della,della
rhyna,rhynie,rhynie
ricardo,rick,ricky,rick
rich,dick,rick,dick,richard
richard,dick,dickon,dick,dicky,rick,rich,ricky
richie,richard,richard
rick,ricky,ricky
ricky,dick,rich,dick
robert,hob,hobkin,hob,rob,bobby,dobbin,bob
roberta,robbie,bert,robbie,birdie,bertie
roderick,rod,erick,rod
rodger,roge,bobby,roge,rod,robby,rupert,robin
roger,roge,bobby,roge,rod,robby,rupert,robin
roland,rollo,lanny,rollo,rolly
ron,ronald,ronnie,ronald
ronald,naldo,ron,naldo
ronnie,ronald,ronald
ronny,ronald,ronald
rosa,rose,rose
rosabel,belle,roz,belle,rose
rosabella,belle,roz,belle,rose
rosalinda,linda,roz,linda,rose
rosalyn,linda,roz,linda,rose
roscoe,ross,ross
rose,rosie,rosie
roseann,rose,ann,rose,roz
roseanna,rose,ann,rose,roz
roseanne,ann,ann
rosina,sina,sina
roxane,rox,roxie,rox
roxanna,roxie,rose,roxie
roxanne,roxie,rose,roxie
roz,rosalyn,rosalyn
rube,reuben,reuben
rudolph,dolph,rudy,dolph,rolf
rudolphus,dolph,rudy,dolph,rolf
rudy,rudolph,rudolph
russ,russell,russell
russell,russ,rusty,russ
rusty,russell,russell
ryan,ry,ry
sabrina,brina,brina
salome,loomie,loomie
salvador,sal,sal
sam,sammy,samuel,sammy
samantha,sammy,sam,sammy
sammy,samuel,samuel
sampson,sam,sam
samson,sam,sam
samuel,sammy,sam,sammy
samyra,myra,myra
sandra,sandy,cassandra,sandy
sandy,sandra,sandra
sanford,sandy,sandy
sarah,sally,sadie,sally
sarilla,silla,silla
savannah,vannie,anna,vannie
scott,scotty,sceeter,scotty,scottie
sebastian,sebby,seb,sebby
selma,anselm,anselm
serena,rena,rena
serilla,rilla,rilla
seymour,see,morey,see
shaina,sha,shay,sha
sharon,sha,shay,sha
sheila,cecilia,cecilia
sheldon,shelly,shelly
shelton,tony,shel,tony
sheridan,dan,danny,dan
sheryl,sher,sher
shirley,sherry,lee,sherry
sibbilla,sybill,sibbie,sybill
sidney,syd,sid,syd
sigfired,sid,sid
sigfrid,sid,sid
sigismund,sig,sig
silas,si,si
silence,liley,liley
silvester,vester,si,vester,vest,syl
simeon,si,sion,si
simon,si,sion,si
sly,sylvester,sylvester
smith,smitty,smitty
socrates,crate,crate
solomon,sal,salmon,sal,solly,saul,zolly
sondra,dre,sonnie,dre
sophia,sophie,sophie
sophronia,frona,sophia,frona
stephan,steve,steve
stephanie,stephen,stephie,stephen,steph
stephen,steve,steph,steve
steve,stephen,steven,stephen
steven,steve,steph,steve
stuart,stu,stu
sue,susie,susan,susie
sullivan,sully,van,sully
sully,sullivan,sullivan
susan,hannah,susie,hannah,sukey,suzie
susannah,hannah,susie,hannah,sukey
susie,suzie,suzie
suzanne,suki,sue,suki
sybill,sibbie,sibbie
sydney,sid,sid
sylvanus,sly,syl,sly
sylvester,sy,sly,sy,syl,vester,si,vessie
tabby,tabitha,tabitha
tabitha,tabby,tabby
tamarra,tammy,tammy
tanafra,tanny,tanny
tasha,tash,tashie,tash
ted,teddy,teddy
temperance,tempy,tempy
terence,terry,terry
teresa,terry,terry
terry,terence,terence
tess,teresa,theresa,teresa
tessa,teresa,theresa,teresa
thad,thaddeus,thaddeus
thaddeus,thad,thad
theo,theodore,theodore
theodora,dora,dora
theodore,theo,ted,theo
theodosia,theo,dosia,theo
theophilus,ophi,ophi
theotha,otha,otha
theresa,tessie,thirza,tessie,terry,tracy,tess,thursa
thom,thomas,tommy,thomas
thomas,thom,tommy,thom
thomasa,tamzine,tamzine
tiffany,tiff,tiffy,tiff
tilford,tillie,tillie
tim,timothy,timmy,timothy
timmy,timothy,timothy
timothy,tim,timmy,tim
tina,christina,christina
tobias,bias,toby,bias
tom,thomas,tommy,thomas
tommy,thomas,thomas
tony,anthony,anthony
tranquilla,trannie,quilla,trannie
trisha,patricia,patricia
trix,trixie,trixie
trudy,gertrude,gertrude
tryphena,phena,phena
unice,eunice,nicie,eunice
uriah,riah,riah
ursula,sulie,sula,sulie
valentina,felty,vallie,felty
valentine,felty,felty
valeri,val,val
valerie,val,val
vanburen,buren,buren
vandalia,vannie,vannie
vanessa,essa,vanna,essa
vernisee,nicey,nicey
veronica,vonnie,ron,vonnie,ronie,frony,franky,ronnie
vic,vicki,victor,vicki
vicki,vicky,victoria,vicky
vickie,victoria,victoria
vicky,victoria,victoria
victor,vic,vic
victoria,torie,vic,torie,tory,vicky
vin,vinny,vinny
vince,vinnie,vinnie
vincent,vic,vince,vic,vin,vinny
vincenzo,vic,vinnie,vic,vinny
vinson,vinny,vinny
viola,ola,vi,ola
violetta,lettie,lettie
virginia,jane,jennie,jane,virgy,ginger
vivian,vi,viv,vi
waldo,ozzy,ossy,ozzy
wallace,wally,wally
wally,walt,walt
walter,wally,walt,wally
washington,wash,wash
webster,webb,webb
wendy,wen,wen
wesley,wes,wes
wilber,will,bert,will
wilbur,willy,willie,willy
wilda,willie,willie
wilfred,will,willie,will
wilhelmina,mina,wilma,mina,minnie
will,bill,willie,bill,fred
william,willy,bell,willy,bill,will,billy,willie
willie,william,fred,william
willis,willy,bill,willy
wilma,william,billiewilhelm,william
wilson,will,willy,will
winfield,field,winny,field
winifred,freddie,winnie,freddie
winnie,winnifred,winnifred
winnifred,freddie,freddy,freddie,winnie,fred
winny,winnifred,winnifred
winton,wint,wint
woodrow,woody,wood,woody
yeona,onie,ona,onie
yulan,lan,yul,lan
yvonne,vonna,vonna
zach,zachariah,zachariah
zachariah,zachy,zach,zachy
zebedee,zeb,zeb
zedediah,dyer,zed,dyer
zephaniah,zeph,zeph
